{"cameraMode":{"drawMode":0,"name":"Shaded","section":"Shading Mode"},"sceneLighting":true,"audioPlay":false,"sceneViewState":{"showFog":true,"showMaterialUpdate":false,"showSkybox":true,"showFlares":true,"showImageEffects":true,"showParticleSystems":true},"in2DMode":false,"pivot":{"x":12.259593963623047,"y":1.2937493324279786,"z":16.065458297729493},"rotation":{"x":-0.025599747896194459,"y":0.8931744694709778,"z":-0.05123959481716156,"w":-0.4460846781730652},"size":1.563023567199707,"orthographic":false}